{"cameraMode":{"drawMode":0,"name":"Shaded","section":"Shading Mode"},"sceneLighting":false,"audioPlay":false,"sceneViewState":{"showFog":true,"showMaterialUpdate":false,"showSkybox":false,"showFlares":true,"showImageEffects":true,"showParticleSystems":true},"in2DMode":false,"pivot":{"x":9.941720008850098,"y":-0.4238252639770508,"z":-24.376605987548829},"rotation":{"x":-0.0023721219040453436,"y":0.8256733417510986,"z":-0.5641450881958008,"w":-0.0034713693894445898},"size":3.0113730430603029,"orthographic":false}